date,orders,gross_revenue,gross_margin,add_to_carts,customers_acquired,clicks,marketing_cost
2020-05-10,1380,107285,66134,2871,277,6533,5027
2020-05-09,1418,121154,75112,1687,187,4082,5375
2020-05-08,1467,125853,78541,2698,136,8753,3573
2020-05-07,1605,130661,80402,3526,607,5316,4645
2020-05-06,2645,180750,101539,4355,524,5275,4736
2020-05-05,2457,175072,99913,3483,197,5635,6285
2020-05-04,2441,170958,96893,3303,515,3865,2653
2020-05-03,2512,177810,101139,2779,950,9152,7547
2020-05-02,2928,219236,124509,4141,767,9438,7839
2020-05-01,3003,215820,120872,3144,273,3840,7226
2020-04-30,1669,140372,86472,3490,269,7645,4350
2020-04-29,2002,165886,101682,3696,796,5294,6662
2020-04-28,1961,160029,98535,3772,50,4646,6417
2020-04-27,1620,125076,75524,2290,807,3165,5714
2020-04-26,1639,126839,75829,2418,220,3729,7440
2020-04-25,1927,165492,100050,3554,769,3345,6407
2020-04-24,1610,139675,86737,3479,754,4260,5813
2020-04-23,1818,164861,101180,2851,197,3731,2405
2020-04-22,1744,158572,93100,3529,46,5149,5485
2020-04-21,1621,146057,84684,2532,204,9126,6013
2020-04-20,1634,143230,84340,2200,217,3782,4687
2020-04-19,1718,151367,89135,2765,466,3621,3872
2020-04-18,1818,164134,95800,2194,119,4115,5768
2020-04-17,1759,144268,87497,2080,858,3526,4039
2020-04-16,1814,162527,98236,2937,869,7390,2560
2020-04-15,2262,196202,118403,2441,904,7663,2618
2020-04-14,2162,184110,111797,3342,434,9657,5205
2020-04-13,2156,169993,101148,3964,60,6606,5637
2020-04-12,2198,170832,100061,2206,263,4062,7866
2020-04-11,3121,240049,130306,4149,577,4196,3335
2020-04-10,2041,161984,98043,4015,2,8611,4264
2020-04-09,2085,168244,101964,3552,421,6398,5556
2020-04-08,2271,177586,106240,3392,439,8817,7471
2020-04-07,2196,164151,97822,3227,573,4317,2405
2020-04-06,2379,175375,103184,3617,744,7485,7867
2020-04-05,2436,161289,87430,3670,575,7970,3886
2020-04-04,3888,248498,120584,5839,470,4547,2715
2020-04-03,2115,147073,82898,3517,136,7109,7644
2020-04-02,2704,185850,97355,2881,1159,4652,4283
2020-04-01,2954,188347,96988,3265,897,3196,3552
2020-03-31,2333,168032,91181,3044,1159,4974,6919
2020-03-30,2147,157074,86242,2437,308,6341,5280
2020-03-29,2538,179651,93459,2757,35,8420,3029
2020-03-28,2673,192173,97949,3990,743,4770,4540
2020-03-27,2332,177655,93938,3792,856,4195,7397
2020-03-26,1883,136062,68733,3053,306,7168,3191
2020-03-25,2321,140527,66206,3311,105,6439,2737
2020-03-24,1979,125036,57000,2134,600,7946,3874
2020-03-23,1415,97606,50130,1592,193,5341,2960
2020-03-22,1275,102126,56238,2729,454,7285,3366
2020-03-21,858,80776,43785,2626,6,8988,6037
2020-03-20,784,72908,40004,1413,344,9504,4327
2020-03-19,881,83499,44224,1721,326,5840,5915
2020-03-18,1007,97129,49759,1342,177,9089,2618
2020-03-17,739,65088,33390,2148,72,8589,6418
2020-03-16,737,62541,32615,1499,95,3459,4881
2020-03-15,605,47024,27047,1068,132,5785,5540
2020-03-14,631,47690,27168,1486,247,3294,6540
2020-03-13,709,47443,27689,2467,141,6499,4088
2020-03-12,664,50518,28842,2521,160,5988,5927
2020-03-11,638,50282,28787,749,150,7908,4076
2020-03-10,662,48499,27582,1858,253,4557,5695
2020-03-09,485,34589,19106,2013,170,4548,5826
2020-03-08,823,53573,27729,2101,349,8093,2205
2020-03-07,733,51091,27006,1639,240,5659,2188
2020-03-06,701,46939,23705,904,265,9552,7064
2020-03-05,627,38889,19379,2284,305,7830,5818
2020-03-04,380,25406,14262,2342,20,6492,2492
2020-03-03,446,32947,18447,2431,42,4891,2934
2020-03-02,474,35324,19672,607,192,7049,3714
2020-03-01,372,27899,15993,1519,68,6755,4497
2020-02-29,1022,73150,36547,2671,479,4247,7024
2020-02-28,703,51712,26388,2165,201,5650,7221
2020-02-27,645,43270,21286,2271,102,8463,5731
2020-02-26,319,23528,13642,691,50,4955,2368
2020-02-25,473,31252,17519,1322,152,5612,5662
2020-02-24,482,35177,19538,1824,83,3570,3746
2020-02-23,495,36291,20079,2401,50,4387,3377
2020-02-22,300,23478,13761,1172,88,5543,7828
2020-02-21,247,19671,11544,778,54,8622,5812
2020-02-20,321,29312,15387,1755,6,7375,4445
2020-02-19,576,43501,17166,1784,280,4602,3500
2020-02-18,640,45892,18619,1249,265,8231,7971
2020-02-17,664,51195,17628,1199,289,5903,3069
2020-02-16,485,29966,16810,1701,226,5984,2418
2020-02-15,695,35834,19819,1130,57,4068,4183
2020-02-14,608,31799,17973,2327,36,6802,7399
2020-02-13,455,24932,13600,2171,219,4219,5617
2020-02-12,631,38051,18428,1334,31,7725,5357
2020-02-11,633,42285,20320,1668,226,4399,6634
2020-02-10,689,43214,20399,2409,29,4434,6015
2020-02-09,500,31722,16686,1311,99,3249,7361
2020-02-08,1060,67514,30613,2327,71,8153,3461
2020-02-07,942,54779,22782,1047,323,3317,7319
2020-02-06,558,33129,14183,1773,274,8389,2807
2020-02-05,461,33237,11046,1497,98,7093,2812
2020-02-04,420,30626,15507,1874,57,8967,6845
2020-02-03,488,33389,18087,2221,225,4582,3339
2020-02-02,579,41951,21382,1639,103,7542,4632
2020-02-01,1268,82381,38981,2675,561,9003,4708
2020-01-31,482,34271,18955,1245,39,7548,5440
2020-01-30,640,40988,19057,2186,22,9911,2047
2020-01-29,645,48144,25588,654,212,6285,6986
2020-01-28,771,52334,26675,2559,334,8856,7372
2020-01-27,979,70559,32721,1386,2,9586,4388
2020-01-26,725,51270,24737,2233,184,3365,7906
2020-01-25,881,52248,24693,2724,193,6267,3767
2020-01-24,652,39750,20299,1316,173,3849,6823
2020-01-23,651,39011,19363,706,129,5318,5925
2020-01-22,528,39353,20976,2455,182,8737,7594
2020-01-21,570,38497,19824,1536,149,9507,5034
2020-01-20,646,41387,20938,1292,179,4930,2622
2020-01-19,1028,55911,24986,2571,239,3881,6761
2020-01-18,1207,74228,32649,2899,200,6392,4344
2020-01-17,666,43768,21935,2155,237,4344,5755
2020-01-16,785,44521,21637,1480,295,5448,2466
2020-01-15,743,42195,19393,1304,287,3255,7945
2020-01-14,737,45406,22792,2485,17,7116,2537
2020-01-13,785,45588,21104,1562,205,7764,4544
2020-01-12,989,58231,22461,1069,155,3551,2515
2020-01-11,602,33901,15671,1933,151,4320,4230
2020-01-10,541,32542,15313,1319,228,6424,5525
2020-01-09,632,37058,15801,1117,137,6560,3398
2020-01-08,787,44885,17322,1841,74,4800,6470
2020-01-07,924,51224,17150,2164,174,9520,3931
2020-01-06,856,49265,22342,987,11,4861,5700
2020-01-05,326,18449,10237,387,22,3868,3422
2020-01-04,344,23603,13554,1612,23,8521,2387
2020-01-03,310,20178,11626,775,140,9626,4262
2020-01-02,388,23625,13387,1352,193,6781,5815
2020-01-01,331,18232,10181,2065,53,6542,5543
2019-12-31,282,16170,9171,1180,124,9383,2242
2019-12-30,306,22454,13249,1877,50,4111,3181
2019-12-29,280,18889,11216,893,60,8098,2532
2019-12-28,331,23196,13760,2299,85,5895,7221
2019-12-27,384,25266,14705,1898,189,3709,3224
2019-12-26,392,25105,14962,473,177,9629,2717
2019-12-25,227,18840,11438,1422,43,4532,7222
2019-12-24,213,17271,10754,619,37,4289,4152
2019-12-23,243,16790,10421,1901,93,4022,5786
2019-12-22,256,17027,10500,1288,116,4090,6797
2019-12-21,842,54419,29748,2274,315,9825,5004
2019-12-20,1641,75291,36262,2921,783,7088,5962
2019-12-19,780,34228,16343,945,368,9310,7425
2019-12-18,221,18740,10507,716,102,5862,4555
2019-12-17,670,34265,17432,1372,220,3437,5027
2019-12-16,775,33956,16524,1074,310,4457,2887
2019-12-15,371,22808,13054,571,71,4527,5212
2019-12-14,293,19977,11512,1375,134,4550,2144
2019-12-13,298,18768,10467,618,33,7234,4993
2019-12-12,529,26370,14484,549,153,9524,6463
2019-12-11,671,36549,20273,1698,168,6836,4063
2019-12-10,510,27531,14927,935,143,5909,4035
2019-12-09,408,24133,13151,1451,40,7637,4925
2019-12-08,392,23314,12409,1080,118,9394,5181
2019-12-07,725,42818,22572,1222,299,8062,3751
2019-12-06,566,31805,16592,2200,91,5339,6803
2019-12-05,491,28034,13328,2289,15,6773,7173
2019-12-04,342,20069,11241,1896,42,7517,6163
2019-12-03,770,41139,22858,2048,66,5886,3657
2019-12-02,2140,88703,40425,2864,906,5500,2416
2019-12-01,2799,133344,60712,3444,1345,3090,5666
2019-11-30,4845,239928,106208,6521,2063,6920,3811
2019-11-29,5658,274113,116593,7448,2783,8276,4270
2019-11-28,4607,228877,98718,4640,218,4529,6012
2019-11-27,2202,122547,53559,3163,47,9963,3402
2019-11-26,737,60477,28141,1926,274,7781,4452
2019-11-25,477,38473,21457,1363,78,7633,2424
2019-11-24,591,42315,23619,1196,219,7359,3160
2019-11-23,499,35331,20941,2346,175,3768,7190
2019-11-22,541,43067,23747,593,177,8870,7982
2019-11-21,590,46787,24089,1843,293,5182,7283
2019-11-20,623,48280,26920,1169,114,7643,5629
2019-11-19,631,49321,27062,2403,73,7959,2614
2019-11-18,555,38130,21216,1837,72,9338,3491
2019-11-17,583,39082,22215,1112,84,5086,2053
2019-11-16,580,39136,23176,952,255,6796,2631
2019-11-15,471,31933,18649,905,77,8595,2268
2019-11-14,967,60647,29892,2613,83,7367,5896
2019-11-13,1326,84513,37606,2492,625,9788,4465
2019-11-12,1528,99548,46671,1850,587,3620,2576
2019-11-11,1152,72494,38522,3007,19,5873,2203
2019-11-10,528,41740,24901,1373,2,6174,4545
2019-11-09,544,42756,24454,547,182,6090,6963
2019-11-08,583,51291,28563,1232,163,7061,6299
2019-11-07,1290,293179,151683,2980,359,9133,5641
2019-11-06,247,18489,9628,419,114,9866,6835
2019-11-05,289,22570,8497,864,125,8464,3669
2019-11-04,343,23359,10334,2231,15,5544,4794
2019-11-03,384,27660,16639,2165,92,6835,2914
2019-11-02,1049,69310,39930,2692,105,5655,5803
2019-11-01,771,48844,27807,1915,371,9081,5066
2019-10-31,352,20587,11673,456,2,8437,4435
2019-10-30,393,25093,14917,1316,167,6030,6657
2019-10-29,1002,72867,41073,1600,178,5931,6729
2019-10-28,860,57878,32089,2320,400,6083,7436
2019-10-27,556,34776,20238,671,31,9107,4690
2019-10-26,556,40199,23902,1419,203,4805,7234
2019-10-25,394,30364,17927,1194,46,6681,7710
2019-10-24,418,24956,14492,1660,82,8584,4034
2019-10-23,484,29218,17152,2170,209,6085,3322
2019-10-22,665,38817,22129,1187,180,6206,7411
2019-10-21,735,40452,23131,1719,242,5774,3241
2019-10-20,552,33240,18944,1950,256,7892,5010
2019-10-19,446,31015,18254,2152,170,8838,2092
2019-10-18,427,31809,18741,1874,190,7146,7274
2019-10-17,362,23037,13618,2267,18,7596,7786
2019-10-16,380,25712,15434,1336,187,9473,3063
2019-10-15,438,26848,15983,1779,203,3643,3946
2019-10-14,517,29574,17366,2005,62,7793,2380
2019-10-13,482,34028,20442,1326,196,3537,6336
2019-10-12,976,55522,26656,1711,469,3137,7852
2019-10-11,620,47065,27411,1784,145,9072,4699
2019-10-10,384,25227,14477,2085,1,9934,4164
2019-10-09,478,31128,18230,1088,20,8847,2961
2019-10-08,518,34466,20254,1252,239,7966,2133
2019-10-07,493,32556,19466,1748,37,7574,6205
2019-10-06,604,43295,25504,2082,150,7827,7572
2019-10-05,1209,71312,35392,3208,542,5327,2360
2019-10-04,844,55683,30184,1093,186,6451,2653
2019-10-03,701,39141,20764,1984,274,8672,6030
2019-10-02,607,38113,21045,1512,103,3025,4944
2019-10-01,919,56190,28087,1660,324,3395,5394
2019-09-30,2171,149217,68534,3894,145,9386,6775
2019-09-29,891,55214,27165,2461,404,9259,2604
2019-09-28,532,38799,21841,1877,185,4689,7148
2019-09-27,476,36345,20330,2402,158,9998,3618
2019-09-26,497,35231,18721,1810,70,9971,7849
2019-09-25,559,37630,20193,675,72,8500,6879
2019-09-24,568,33479,17334,1814,267,4873,2940
2019-09-23,552,36072,19782,1445,249,3874,5802
2019-09-22,553,35724,19237,1743,39,5658,4330
2019-09-21,532,35799,19998,1152,125,3844,3463
2019-09-20,483,29448,15221,664,52,9296,3578
2019-09-19,558,32405,15165,2174,92,5687,3446
2019-09-18,716,34707,9815,1281,133,7222,5632
2019-09-17,519,29222,9115,978,149,6638,2263
2019-09-16,340,21962,13119,447,64,8089,7669
2019-09-15,306,20533,12006,1848,68,8497,4286
2019-09-14,329,24397,15004,766,22,3565,7722
2019-09-13,249,18138,10644,1907,94,3843,3611
2019-09-12,235,16703,9953,1094,97,9034,3268
2019-09-11,318,21898,12712,2246,103,3100,4792
2019-09-10,326,21542,12954,1401,48,4746,7467
2019-09-09,345,23867,14051,2173,154,9364,5877
2019-09-08,290,23205,14002,1149,113,3762,4213
2019-09-07,362,25977,15315,1001,115,3718,6659
2019-09-06,345,24849,14679,1561,55,5749,4710
2019-09-05,266,18449,10654,348,45,5476,4591
2019-09-04,291,22102,12986,358,51,3459,3704
2019-09-03,448,28169,16137,884,49,7544,2288
2019-09-02,485,30036,17381,489,67,7475,7102
2019-09-01,489,31132,17705,1425,122,8866,4038
2019-08-31,286,18434,10781,432,18,7525,4120
2019-08-30,227,15616,9287,1952,29,3642,4266
2019-08-29,280,17252,10074,923,72,7466,4660
2019-08-28,467,31983,18702,1635,158,5770,2361
2019-08-27,372,24944,15139,1230,103,6734,6088
2019-08-26,361,26331,15469,1154,6,6709,7828
2019-08-25,300,20328,12098,1080,66,5861,7086
2019-08-24,304,21809,13161,979,101,4722,7146
2019-08-23,234,15844,9194,1921,91,3364,7783
2019-08-22,293,21992,13243,816,106,7182,3318
2019-08-21,401,28078,15628,1019,197,9086,2807
2019-08-20,426,28589,15329,718,134,7406,6498
2019-08-19,112,5206,2919,1798,18,9814,5478
2019-08-18,117,5604,3327,692,18,9208,5643
2019-08-17,102,4848,2912,1857,11,6758,4779
2019-08-16,94,5478,3204,1687,36,6115,6624
2019-08-15,274,18281,10693,829,30,8192,4333
2019-08-14,259,16866,9657,310,73,5967,7714
2019-08-13,224,14410,8327,1966,61,9348,6016
2019-08-12,218,14314,8299,1884,21,4315,6890
2019-08-11,151,9060,5203,2097,2,7393,6427
2019-08-10,174,13857,8505,1812,46,7854,4881
2019-08-09,270,18152,10720,1647,17,3043,3868
2019-08-08,572,33492,18237,2442,190,7811,5381
2019-08-07,603,37418,19740,2585,44,5155,3029
2019-08-06,614,37709,20091,832,11,8006,3366
2019-08-05,749,42272,22112,2473,327,7365,6046
2019-08-04,831,49850,25872,2392,207,4024,7948
2019-08-03,449,33054,19837,468,48,5592,4121
2019-08-02,335,24077,14273,1306,124,7701,3678
2019-08-01,350,22707,13028,2203,117,8000,3379
2019-07-31,433,28968,16835,2233,70,9873,7753
2019-07-30,395,23803,13949,1027,136,4709,6146
2019-07-29,395,27413,16036,2329,27,7093,4029
2019-07-28,317,23627,14001,626,22,6372,2319
2019-07-27,925,52560,23565,961,28,9755,4299
2019-07-26,383,24797,13837,2195,95,3399,3017
2019-07-25,395,25579,14143,448,31,6823,2737
2019-07-24,437,28447,15686,1753,135,7441,6191
2019-07-23,453,28751,15987,1221,156,4139,4960
2019-07-22,409,26937,15050,819,198,9423,7359
2019-07-21,632,39570,19590,2340,232,9968,2624
2019-07-20,385,24206,13335,1072,154,5232,2176
2019-07-19,327,21800,12142,1501,45,4265,5995
2019-07-18,390,23826,12978,2185,138,3860,6986
2019-07-17,470,28397,15504,1173,218,6853,2405
2019-07-16,510,31072,16821,1000,109,4593,5050
2019-07-15,486,32029,17013,1215,192,4442,4057
2019-07-14,509,35249,19019,1251,221,8554,3638
2019-07-13,507,33558,18560,1260,7,9224,2067
2019-07-12,491,33935,18209,1901,181,5689,4648
2019-07-11,542,33264,17692,2339,45,5456,5204
2019-07-10,523,33197,17484,1070,76,6021,4943
2019-07-09,603,37147,19409,2035,65,4262,7246
2019-07-08,758,43335,20104,2618,368,3720,6085
2019-07-07,574,37612,19654,760,40,8582,4382
2019-07-06,557,34424,17824,1926,18,9357,2633
2019-07-05,584,35478,17520,1180,64,6970,5590
2019-07-04,569,37230,18757,1376,163,7372,3711
2019-07-03,471,31903,17281,1175,88,4705,4421
2019-07-02,409,30496,17656,1204,197,5612,5995
2019-07-01,418,29367,17015,717,105,4397,2119
2019-06-30,504,37088,21808,1835,128,9500,5816
2019-06-29,843,53801,26649,1511,140,4043,5509
2019-06-28,644,42471,21218,2282,97,7152,7566
2019-06-27,761,43414,19106,1931,174,5236,2573
2019-06-26,421,30483,16883,2325,54,4541,5061
2019-06-25,384,28000,15751,786,82,4974,4164
2019-06-24,401,27052,15318,2356,127,4497,4072
2019-06-23,421,30287,17562,688,30,9263,7757
2019-06-22,422,31892,18419,822,190,7156,5673
2019-06-21,462,32136,17909,2173,216,3472,4699
2019-06-20,310,22427,12477,603,143,6143,3612
2019-06-19,270,20549,11593,1695,2,5137,3869
2019-06-18,281,19198,11044,2116,128,5600,2366
2019-06-17,285,18445,9769,1610,29,4650,4176
2019-06-16,245,17334,10005,1416,65,7859,4073
2019-06-15,286,19134,10537,1339,27,7059,5837
2019-06-14,242,16132,8745,1063,7,7333,4009
2019-06-13,384,26561,12071,715,114,4898,7854
2019-06-12,454,23409,6880,2223,148,6975,5799
2019-06-11,153,11927,7504,585,55,7777,6626
2019-06-10,168,12375,7781,1931,79,5345,3038
2019-06-09,150,11862,7548,718,54,4143,6126
2019-06-08,118,9092,5732,980,37,9139,7498
2019-06-07,132,10614,6622,1611,29,5459,3560
2019-06-06,133,8914,5773,1901,46,8728,7610
2019-06-05,72,4308,2822,1083,15,9701,5960
2019-06-04,76,4743,3064,1050,24,3058,6388
2019-06-03,98,7113,4486,1081,33,9911,2617
2019-06-02,142,9229,5910,1433,25,7965,7493
2019-06-01,195,14624,8929,1314,7,7235,5811
2019-05-31,478,30886,17389,1234,60,4728,5591
2019-05-30,473,31559,17635,804,170,3651,3730
2019-05-29,461,28084,15694,1963,61,4460,2710
2019-05-28,422,28957,16636,593,124,7334,7049
2019-05-27,267,20748,12885,859,81,6629,7764
2019-05-26,314,27447,16179,2011,18,8353,6068
2019-05-25,588,120229,50235,1970,95,9796,7915
2019-05-24,231,20514,12868,1808,86,3172,4857
2019-05-23,301,22331,13740,736,12,3411,3976
2019-05-22,244,19459,12231,1957,65,8120,6323
2019-05-21,258,19375,12052,1800,22,4211,5511
2019-05-20,427,29857,17154,1581,53,3799,3642
2019-05-19,333,24623,15041,1198,111,6564,2825
2019-05-18,288,20884,12236,1908,99,6138,4978
2019-05-17,337,27799,15707,2110,19,4828,6521
2019-05-16,251,20492,11983,644,10,6515,5920
2019-05-15,302,20738,12620,677,28,9554,6799
2019-05-14,337,25259,15340,1229,128,8175,5570
2019-05-13,211,13846,8453,1534,26,9093,6187
2019-05-12,213,14796,9020,1910,65,9867,7705
2019-05-11,266,21549,12309,2154,106,4952,4873
2019-05-10,208,17179,9968,1542,85,6428,3949
2019-05-09,185,14737,8322,1077,8,5955,5323
2019-05-08,218,16156,9278,808,109,7736,3385
2019-05-07,209,15755,9080,1699,53,8041,2361
2019-05-06,202,14240,8163,864,80,9243,6527
2019-05-05,296,22136,12792,1664,72,9278,4402
2019-05-04,674,42512,24938,2589,111,3044,3095
2019-05-03,309,22190,13143,708,3,6401,6998
2019-05-02,222,13766,8086,778,46,8172,2514
2019-05-01,198,14381,9122,471,9,4974,3392
2019-04-30,204,14708,9080,1198,5,9561,5573
2019-04-29,788,53927,29016,1951,192,6972,4265
2019-04-28,265,21717,13420,455,104,4899,7158
2019-04-27,354,28296,17216,1307,174,4378,4327
2019-04-26,187,14863,9182,965,13,3304,7518
2019-04-25,178,13013,7871,1249,60,9109,2968
2019-04-24,213,16009,9641,456,86,3515,4961
2019-04-23,254,19525,11549,1728,1,4345,7625
2019-04-22,281,27376,16156,2245,86,9071,4434
2019-04-21,264,24678,14574,2067,128,5099,4046
2019-04-20,221,20250,12364,597,32,6650,5905
2019-04-19,121,8780,5213,390,9,4577,5148
2019-04-18,62,4284,2621,1152,22,3547,3972
2019-04-17,80,5604,3361,381,36,4678,3624
2019-04-16,176,12196,7535,1374,84,4959,7656
2019-04-15,187,13365,8067,1676,61,8690,3001
2019-04-14,209,12654,7593,1824,44,9547,6757
2019-04-13,225,16337,9905,2096,39,3014,3315
2019-04-12,211,19469,11288,1910,1,5469,4767
2019-04-11,215,18597,10924,1310,22,5499,5082
2019-04-10,251,16668,9928,1215,95,6834,5709
2019-04-09,243,15456,8870,746,52,7681,6758
2019-04-08,230,17563,10555,1397,91,4271,5874
2019-04-07,191,13745,8398,859,78,4044,2355
2019-04-06,240,14888,8065,796,35,6068,6864
2019-04-05,160,12579,7503,1589,79,9099,5397
2019-04-04,184,12069,6734,759,78,5079,7878
2019-04-03,236,15394,8827,2192,101,6843,6892
2019-04-02,226,15918,8705,2034,52,9348,2674
2019-04-01,277,17533,9764,1174,93,9973,4508
2019-03-31,203,15895,9535,653,5,3139,2125
2019-03-30,424,24697,12054,1557,137,8867,7631
2019-03-29,393,22990,10646,1504,29,7856,2813
2019-03-28,393,21742,9926,573,169,5201,2466
2019-03-27,215,17143,10156,427,29,7991,3579
2019-03-26,249,17303,9802,2046,38,4760,6898
2019-03-25,313,21606,11603,1107,6,6120,5465
2019-03-24,307,19181,10309,1111,141,6762,4249
2019-03-23,270,18544,10264,270,8,3588,3978
2019-03-22,319,22560,12049,2008,28,7782,2653
2019-03-21,430,29111,15035,1479,49,6370,2104
2019-03-20,417,24267,11679,424,97,5089,6192
2019-03-19,220,14028,7552,2181,90,3279,7997
2019-03-18,127,7393,4563,267,27,6980,3494
2019-03-17,130,8748,5609,1975,41,5504,6780
2019-03-16,141,11664,7034,1572,64,3421,2975
2019-03-15,111,8444,5033,138,2,7133,5387
2019-03-14,131,8822,5331,1378,15,6093,7389
2019-03-13,150,10512,6426,1963,47,8160,4873
2019-03-12,124,9011,5639,142,60,9635,7868
2019-03-11,141,8876,5588,1308,67,5127,2120
2019-03-10,154,11168,7047,1918,18,7689,7159
2019-03-09,157,10844,6620,1265,36,3393,4369
2019-03-08,112,8248,4732,278,32,3054,5194
2019-03-07,139,8320,4840,1243,30,8692,5518
2019-03-06,138,8431,5112,873,34,9028,7706
2019-03-05,129,8190,4882,1379,63,6458,6598
2019-03-04,145,9448,5463,225,43,5751,6059
2019-03-03,143,8588,5070,1671,6,9103,2374
2019-03-02,152,8933,4934,2003,51,6158,3970
2019-03-01,141,8713,4499,1077,9,8195,7488
2019-02-28,132,9375,5025,1503,7,9812,6309
2019-02-27,137,9293,4711,1904,47,6241,5075
2019-02-26,184,11084,6442,1702,77,9745,6645
2019-02-25,135,8668,4817,972,38,3525,2297
2019-02-24,130,7655,4488,998,21,9093,5735
2019-02-23,96,7868,4703,2043,44,6195,6700
2019-02-22,135,7785,4225,1807,30,6123,4620
2019-02-21,113,7340,4259,476,17,4549,2844
2019-02-20,104,6287,3650,1772,12,5957,7517
2019-02-19,106,6523,3773,726,8,5229,4128
2019-02-18,121,7261,4168,428,55,7087,5179
2019-02-17,95,5326,3218,1507,20,6751,4232
2019-02-16,113,8164,4849,513,42,3487,6913
2019-02-15,106,5452,2924,1987,49,5600,2126
2019-02-14,91,5418,3011,830,16,9909,4927
2019-02-13,83,5463,3076,169,24,9807,6055
2019-02-12,118,6884,4053,1849,41,7681,2189
2019-02-11,129,8295,4782,1070,14,3732,7437
2019-02-10,109,6681,3884,694,1,4083,2474
2019-02-09,162,8833,4867,1561,76,5498,7110
2019-02-08,144,8162,4518,1226,19,8128,6792
2019-02-07,81,4470,2331,1281,13,3252,3849
2019-02-06,73,4295,2464,1553,27,7310,7850
2019-02-05,85,4826,2810,2028,25,6241,6591
2019-02-04,90,5752,3351,671,6,3665,5763
2019-02-03,108,5530,3123,1889,44,7368,7277
2019-02-02,128,6361,3558,641,10,8200,3661
2019-02-01,74,5158,3058,1616,22,5699,2779
2019-01-31,100,6330,3567,1345,21,6516,3394
2019-01-30,98,6308,3704,638,45,8113,5808
2019-01-29,99,6865,4068,496,5,8217,5000
2019-01-28,139,9816,5766,1024,25,8029,4231
2019-01-27,86,4720,2766,460,41,7403,3129
2019-01-26,111,6640,3647,1681,3,3945,3767
2019-01-25,163,8684,4438,1519,33,5346,5088
2019-01-24,188,9251,4247,314,80,3204,2440
2019-01-23,96,5286,2583,1288,30,3150,6703
2019-01-22,105,6661,3631,258,33,7198,4757
2019-01-21,116,6532,3632,1858,12,6995,7661
2019-01-20,108,5744,3244,1576,52,3967,5016
2019-01-19,124,7362,4100,1816,49,6260,5525
2019-01-18,104,5587,2755,324,11,9886,2696
2019-01-17,134,5889,2933,521,33,5626,5096
2019-01-16,96,6272,3367,812,29,7875,6336
2019-01-15,113,6231,3047,1844,2,4968,3302
2019-01-14,120,5855,2654,1383,52,9369,7849
2019-01-13,131,6391,2808,1802,13,4613,7292
2019-01-12,124,7883,4397,942,23,6949,6697
2019-01-11,126,5695,2815,1458,55,3289,6915
2019-01-10,141,6693,3276,1874,59,6373,2847
2019-01-09,74,3199,1854,391,23,6841,4274
2019-01-08,70,3218,1925,442,17,6437,4959
2019-01-07,65,4490,2717,1289,23,4533,6516
2019-01-06,63,4379,2690,1981,15,6862,5706
2019-01-05,56,4127,2577,976,4,4520,3552
2019-01-04,108,4444,2218,224,31,7177,3683
2019-01-03,210,9470,3726,813,96,4803,7889
2019-01-02,196,7233,2426,1489,30,3268,2826
2019-01-01,151,6714,2499,1349,44,8746,7225
2018-12-31,227,10133,3408,617,76,4068,5754
2018-12-30,289,11294,3606,1412,143,6980,6041
2018-12-29,273,12666,4042,1619,93,8576,6997
2018-12-28,344,13629,3554,2311,113,3273,3809
2018-12-27,535,23712,5806,1113,262,4145,5502
2018-12-26,636,26877,5225,747,21,9680,5040
2018-12-25,225,10011,3173,1108,39,6764,3384
2018-12-24,180,7863,2636,1028,10,8044,7832
2018-12-23,218,8760,2242,1743,103,4755,7315
2018-12-22,203,8314,2105,215,21,9699,3093
2018-12-21,204,7680,2088,1012,54,5102,2513
2018-12-20,243,8025,1349,940,116,3915,6150
2018-12-19,278,10651,1606,2207,3,5352,2741
2018-12-18,444,15751,-61,1499,59,7434,5866
2018-12-17,324,10637,887,1704,19,9800,5247
2018-12-16,255,8686,2090,2018,54,9149,6018
2018-12-15,253,9040,2230,1968,106,7382,5087
2018-12-14,194,6680,1441,344,50,4783,5045
2018-12-13,196,7290,1626,1144,31,5513,2748
2018-12-12,246,8571,1791,816,1,3105,7900
2018-12-11,330,13092,2771,1712,1,5780,6505
2018-12-10,408,15502,1440,1421,143,6032,3146
2018-12-09,472,17226,-202,1632,72,5212,2442
2018-12-08,187,7954,1749,719,12,8684,2013
2018-12-07,328,14020,-1356,648,38,3578,4571
2018-12-06,130,5728,238,639,5,4214,3558
2018-12-05,85,3863,2103,1735,20,5894,4968
2018-12-04,75,3641,1271,1362,2,7992,3633
2018-12-03,93,4501,2034,1214,12,4108,5364
2018-12-02,334,11789,4486,568,106,5457,4836
2018-12-01,931,32974,9792,2134,283,7656,7122
2018-11-30,789,26923,6637,2549,96,9734,4117
2018-11-29,1160,35342,4774,2003,5,5320,6022
2018-11-28,961,31183,2756,1277,228,3804,2229
2018-11-27,155,8301,3742,547,49,8627,3791
2018-11-26,216,11760,5280,2171,24,5845,2690
2018-11-25,255,11628,4840,531,65,6694,7806
2018-11-24,443,22300,9756,879,86,8023,5456
2018-11-23,483,24887,10687,1180,93,7252,3888
2018-11-22,299,13087,5242,770,91,9848,7962
2018-11-21,123,5357,2068,283,8,4273,2646
2018-11-20,142,5301,2028,1238,28,4887,3723
2018-11-19,138,7374,3475,1236,61,8428,3264
2018-11-18,161,9511,3655,912,55,5435,6186
2018-11-17,115,5815,2408,1517,28,5286,2187
2018-11-16,116,5971,2699,203,40,9443,6979
2018-11-15,112,6325,2839,1252,35,9003,7627
2018-11-14,165,10912,4652,1205,34,4794,7273
2018-11-13,153,7139,2478,402,61,9890,4314
2018-11-12,157,7751,2727,1368,35,9756,4416
2018-11-11,186,9578,3759,1675,34,8125,6439
2018-11-10,232,17525,6865,1327,77,3154,3526
2018-11-09,254,21405,8587,1711,100,5502,2186
2018-11-08,1584,275641,123412,1786,73,5638,5217
2018-11-07,234,9238,1696,1177,7,3949,2823
2018-11-06,294,10433,2050,890,11,8064,6141
2018-11-05,328,13888,3512,746,8,5255,2749
2018-11-04,341,12810,1921,1241,65,4855,2532
2018-11-03,330,13573,2975,1271,14,8200,6445
2018-11-02,334,12245,1337,641,5,6902,6424
2018-11-01,342,12673,802,1623,7,8046,3749
2018-10-31,261,11839,2308,892,116,8314,7714
2018-10-30,283,10932,2382,817,101,5083,4396
2018-10-29,227,9448,1791,1171,37,9120,2776
2018-10-28,246,10124,2339,280,54,9688,4235
2018-10-27,269,11054,2033,2094,64,8726,7782
2018-10-26,278,10357,1185,1116,134,5067,3069
2018-10-25,291,11872,610,1071,139,5708,6407
2018-10-24,397,14615,-935,1974,45,5681,3548
2018-10-23,412,15452,-745,1266,7,6264,5132
2018-10-22,325,12385,419,2290,83,8002,6022
2018-10-21,333,13179,1717,1312,91,3402,4782
2018-10-20,202,8513,2101,1957,5,3079,3816
2018-10-19,208,10014,2199,1313,21,9687,4498
2018-10-18,357,15814,2682,1780,25,5110,2833
2018-10-17,334,13405,40,1978,155,4112,5836
2018-10-16,235,8627,1474,1619,40,9958,6926
2018-10-15,226,8821,2335,1495,52,5445,4140
2018-10-14,162,6869,2233,1169,16,9320,7958
2018-10-13,185,8607,3107,1791,33,3084,3906
2018-10-12,129,6005,1871,1376,47,5998,2998
2018-10-11,219,9915,3206,2082,10,3280,6284
2018-10-10,236,10994,3236,1388,65,5463,2563
2018-10-09,214,9266,2030,1142,98,9293,2419
2018-10-08,200,9412,2361,1261,23,9673,7350
2018-10-07,175,9096,2946,1155,53,7787,7804
2018-10-06,125,6983,2895,1891,36,5826,4371
2018-10-05,114,6580,2446,1262,26,7568,6317
2018-10-04,113,5870,2326,1542,36,7531,4950
2018-10-03,119,6544,2552,381,56,3465,4140
2018-10-02,98,5626,2338,646,35,4550,4475
2018-10-01,134,8047,3617,367,58,5943,5222
2018-09-30,112,5467,2127,1875,43,8101,3365
2018-09-29,756,32083,8529,853,70,5757,3470
2018-09-28,409,16099,3659,2183,186,9398,2165
2018-09-27,476,17036,2630,1749,171,3743,4356
2018-09-26,562,20406,2807,1749,255,6884,5203
2018-09-25,123,7109,2998,1175,9,6551,6111
2018-09-24,118,6470,2699,675,47,7364,2740
2018-09-23,107,5953,2627,2000,21,9900,4184
2018-09-22,114,7792,3275,1532,8,5966,5043
2018-09-21,102,6700,2651,622,13,6681,6165
2018-09-20,114,5847,2006,1713,35,7654,5305
2018-09-19,118,6752,2436,1517,32,9990,3814
2018-09-18,105,4356,1799,717,39,7726,7857
2018-09-17,96,5311,2212,1701,22,5893,6419
2018-09-16,85,3832,1519,1483,40,4503,7572
2018-09-15,122,6298,2672,763,51,4520,7132
2018-09-14,97,6414,2313,1306,27,7156,5931
2018-09-13,101,5142,2017,1329,21,9803,7471
2018-09-12,105,5185,2247,1054,10,3367,6644
2018-09-11,96,5323,2159,1713,19,9927,4681
2018-09-10,62,3502,1401,787,18,7285,7274
2018-09-09,54,3047,1375,513,20,8330,4108
2018-09-08,56,2898,1051,1972,23,8956,4795
2018-09-07,49,2129,971,1830,8,4814,6288
2018-09-06,51,2145,640,601,3,5202,4510
2018-09-05,70,3370,1364,148,15,6105,3923
2018-09-04,55,2977,1116,1329,12,6626,5246
2018-09-03,78,3922,1480,182,29,6920,7421
2018-09-02,76,3926,1236,1779,22,8198,7284
2018-09-01,87,4296,1442,447,13,3375,5177
2018-08-31,87,3852,1582,1527,19,3633,6925
2018-08-30,82,3635,1389,1926,13,4316,6296
2018-08-29,78,4088,1708,645,30,6496,3137
2018-08-28,89,5891,2336,178,40,7871,2897
2018-08-27,77,3435,1500,946,30,7736,7221
2018-08-26,78,3208,1603,1121,1,3331,2727
2018-08-25,61,3269,1579,1672,15,4104,5889
2018-08-24,44,2187,1024,1845,4,4162,2222
2018-08-23,43,2381,1202,176,4,9654,3739
2018-08-22,42,2128,901,1805,8,7717,5720
2018-08-21,37,1719,637,109,18,6262,2504
2018-08-20,66,3960,1783,304,15,9999,5994
2018-08-19,60,2890,1097,537,5,7886,4039
2018-08-18,84,5005,2252,1117,5,9526,4795
2018-08-17,62,3301,1069,1693,18,8995,5458
2018-08-16,82,3946,1434,1143,29,6124,3575
2018-08-15,77,3303,1319,1924,3,9379,4363
2018-08-14,110,5331,2006,644,5,9240,4071
2018-08-13,101,4489,1319,148,6,8280,3584
2018-08-12,126,6005,1535,873,49,9072,5933
2018-08-11,92,4168,814,1488,33,9556,6367
2018-08-10,20,869,186,28,9,5617,2076
2018-08-09,97,4427,1334,1885,37,4308,6430
2018-08-08,81,4273,1819,834,28,3444,3939
2018-08-07,80,3798,1566,1553,23,4195,2835
2018-08-06,139,4992,1352,1525,16,7771,4312
2018-08-05,119,5117,1882,737,21,4358,5085
2018-08-04,138,6154,2275,1014,28,3169,2937
2018-08-03,140,7402,2422,217,13,8674,7390
2018-08-02,117,4483,1123,772,47,9981,5549
2018-08-01,107,5924,2212,1286,15,6776,2518
2018-07-31,102,5413,1993,961,17,7242,4530
2018-07-30,90,4719,1825,890,1,4051,5191
2018-07-29,125,5391,1415,567,16,9734,4875
2018-07-28,250,9652,1492,785,113,4552,2399
2018-07-27,259,11885,1749,1472,45,7437,4626
2018-07-26,247,8994,251,1481,28,9527,7635
2018-07-25,285,11602,1628,612,76,9498,2477
2018-07-24,321,11941,990,1025,62,5019,7410
2018-07-23,283,10166,956,554,95,9514,4715
2018-07-22,156,5861,1022,1022,2,4737,4034
2018-07-21,220,7931,1225,2108,11,5719,5174
2018-07-20,219,7729,1427,1373,30,6137,6055
2018-07-19,301,11112,1847,768,20,8394,3399
2018-07-18,387,14270,1200,1829,20,6419,5302
2018-07-17,411,14216,1461,1872,166,3562,7681
2018-07-16,107,5684,2129,397,16,9898,4962
2018-07-15,84,3584,1481,922,14,4822,7151
2018-07-14,105,5433,2285,915,28,8924,2617
2018-07-13,110,5189,1495,1749,2,4864,6622
2018-07-12,70,3309,1416,979,34,6330,7670
2018-07-11,117,5135,2213,874,8,4007,3328
2018-07-10,86,4300,1781,1328,29,9084,6090
2018-07-09,92,5177,2411,582,11,7835,2288
2018-07-08,125,5846,2374,751,29,8606,2912
2018-07-07,119,5834,2292,2016,16,6742,6422
2018-07-06,96,4852,1762,1323,28,6944,4414
2018-07-05,151,7797,2946,1656,68,7978,3135
2018-07-04,153,7149,2713,447,21,9762,7399
2018-07-03,112,5803,2676,1517,2,3504,6546
2018-07-02,129,7003,2835,1877,34,6837,4518
2018-07-01,229,11290,3438,1496,4,3743,6015
2018-06-30,278,13828,3967,1662,13,4516,4073
2018-06-29,270,12817,3514,1594,16,3041,3178
2018-06-28,185,8919,2702,208,87,8327,4199
2018-06-27,161,9789,4034,2018,55,3418,3160
2018-06-26,182,11691,4882,1528,45,9699,6886
2018-06-25,291,18441,7264,1515,99,7934,7132
2018-06-24,158,10339,4034,1902,34,4493,2757
2018-06-23,239,13130,4905,1212,34,8737,6912
2018-06-22,139,8948,3657,2092,61,9781,3035
2018-06-21,56,3810,1911,1126,12,3632,7778
2018-06-20,65,4242,2462,831,10,5084,4620
2018-06-19,152,6465,3294,942,5,6727,5176
2018-06-18,84,3773,2011,1697,10,6014,3718
2018-06-17,87,3828,1990,1398,2,6488,4503
2018-06-16,70,3875,2039,1365,2,4018,6954
2018-06-15,60,2557,1239,596,3,8288,6640
2018-06-14,101,4465,2292,765,1,4674,2367
2018-06-13,99,4151,2015,1300,21,6252,3420
2018-06-12,108,4444,2125,1647,26,6742,4275
2018-06-11,125,5531,3035,1922,31,3997,4715
2018-06-10,99,5783,3411,740,2,3909,5375
2018-06-09,145,6563,3751,484,37,9564,6305
2018-06-08,109,5083,2849,1953,43,8945,7053
2018-06-07,74,3938,2365,1623,12,8646,7231
2018-06-06,71,5741,3366,593,14,3693,6320
2018-06-05,94,5437,3131,537,39,5911,6790
2018-06-04,122,8033,4627,419,7,7127,5294
2018-06-03,128,7615,4324,2051,27,9009,2870
2018-06-02,56,3512,1999,1007,9,7387,2676
2018-06-01,50,2985,1638,397,12,6580,2793
2018-05-31,62,2979,1642,880,4,9526,6133
2018-05-30,55,3516,2004,1738,8,7341,5347
2018-05-29,53,3142,1794,1486,4,4400,4023
2018-05-28,41,2210,1230,1262,1,6077,4191
2018-05-27,46,3418,1950,764,7,8898,4406
2018-05-26,21,1205,653,463,7,3105,4317
2018-05-25,32,1632,878,1547,6,7468,4739
2018-05-24,50,2969,1612,1079,25,9541,2731
2018-05-23,43,2576,1503,779,19,4648,3221
2018-05-22,46,1995,1031,649,23,7435,6050
2018-05-21,39,2071,988,970,8,8022,2192
2018-05-20,36,1562,842,1234,12,3620,3189
2018-05-19,66,3705,1796,623,26,7831,3521
2018-05-18,49,2374,1221,67,3,9820,4821
2018-05-17,33,1424,726,1770,13,7172,3425
2018-05-16,53,2809,1530,580,26,7353,4771
2018-05-15,46,2502,1362,848,2,4488,7631
2018-05-14,5,294,183,393,1,5526,2062
2018-05-13,10,1421,880,1418,2,6796,5325
2018-05-12,7,642,356,1325,3,3502,7750
2018-05-11,9,892,435,507,1,6857,3807
2018-05-10,14,885,545,387,7,3251,4250
2018-05-09,9,647,374,1938,2,6230,5293
2018-05-08,19,621,315,744,3,5893,6348
2018-05-07,33,1597,866,1053,10,6924,6777
2018-05-06,41,2231,1301,485,1,9502,2531
2018-05-05,11,600,378,1854,5,8068,3403
2018-05-04,7,781,491,354,3,7215,6871
2018-05-03,28,690,443,1541,12,3840,7263
2018-05-02,5,467,310,454,2,7201,3096
2018-05-01,3,123,71,295,1,4149,6768
2018-04-30,16,908,555,1033,5,6089,5272
2018-04-29,10,929,552,31,2,8292,2592
2018-04-28,12,1515,905,1849,3,8421,7176
2018-04-27,14,1321,748,444,1,6507,2974
2018-04-26,6,461,285,371,3,8427,7977
2018-04-25,6,276,178,1584,2,9165,7244
2018-04-24,6,316,213,1938,2,4531,5461
2018-04-23,14,1036,621,1507,2,8392,2425
2018-04-22,32,2060,1179,199,6,4728,7257
2018-04-21,22,1375,781,1883,1,5895,7398
2018-04-20,18,1338,759,1664,3,3394,2737
2018-04-19,33,2365,1358,1577,11,6234,5302
2018-04-18,10,771,451,1497,1,3567,5131
2018-04-17,8,612,367,783,4,4753,6954
2018-04-16,5,332,216,1937,1,6287,2289
2018-04-15,6,276,168,1229,2,8177,3492
2018-04-14,10,607,366,345,4,9363,4150
2018-04-13,7,443,265,1677,2,8567,6008
2018-04-12,8,410,247,1592,3,3664,4346
2018-04-11,9,1117,705,1527,4,8167,5395
2018-04-10,9,904,591,389,3,5798,4986
2018-04-09,8,1123,712,873,3,5312,5176
2018-04-08,5,441,278,1409,1,6774,3075
2018-04-07,9,740,462,374,3,7433,5519
2018-04-06,18,1285,704,1825,6,5009,6581
2018-04-05,11,554,291,607,3,5849,4225
2018-04-04,20,1460,672,1040,7,6787,5633
2018-04-03,16,441,192,1195,1,9850,3890
2018-04-02,11,999,552,1368,3,5023,5848
2018-04-01,24,837,434,385,9,8293,4010
2018-03-31,26,1708,815,1406,6,4932,4271
2018-03-30,11,791,444,296,1,8689,6264
2018-03-29,32,1923,1089,550,12,5973,5930
2018-03-28,50,3176,1600,1746,2,4521,2708
2018-03-27,33,1962,1097,1935,11,5151,6491
2018-03-26,24,1723,949,295,9,3258,2142
2018-03-25,20,1102,463,912,4,4562,6009
2018-03-24,20,1211,488,1372,1,4316,7367
2018-03-23,17,1007,366,1310,5,7757,6262
2018-03-22,30,1527,649,278,2,6926,7595
2018-03-21,30,1427,518,1739,11,5297,5672
2018-03-20,29,1292,92,1924,6,3649,3748
2018-03-19,5,342,207,1035,1,7610,7288
2018-03-18,7,777,401,43,2,8030,7883
2018-03-17,13,1413,805,537,5,9980,2836
2018-03-16,8,394,220,724,1,5592,7487
2018-03-15,12,958,395,518,3,7306,5329
2018-03-14,12,702,203,1263,3,6181,6893
2018-03-13,11,740,391,78,4,9961,6218
2018-03-12,8,562,214,462,4,6375,7547
2018-03-11,13,1282,616,851,1,6869,4585
2018-03-10,14,792,394,324,6,8442,6371
2018-03-09,22,1611,869,280,11,5656,5369
2018-03-08,60,5427,2565,1897,16,6078,2979
2018-03-07,46,3429,1383,385,22,8467,5120
2018-03-06,40,3775,2078,400,12,9905,7962
2018-03-05,22,1343,634,409,9,7825,3258
2018-03-04,20,1027,569,1952,4,5456,3999
2018-03-03,9,920,586,670,2,4624,6356
2018-03-02,20,1681,840,1125,9,4142,5052
2018-03-01,13,799,465,474,4,3110,6409
2018-02-28,8,521,294,820,1,6406,6347
2018-02-27,17,1358,628,608,5,9464,5611
2018-02-26,15,1203,636,1571,6,6062,3423
2018-02-25,7,641,209,718,1,6336,5600
2018-02-24,7,483,164,1650,1,5562,7973
2018-02-23,15,1112,644,534,2,3443,6699
2018-02-22,14,828,419,711,6,6630,7706
2018-02-21,12,984,387,278,3,7075,4108
2018-02-20,11,774,404,1179,3,5541,5013
2018-02-19,12,708,369,579,2,5118,5578
2018-02-18,9,593,272,1070,4,9993,6632
2018-02-17,14,838,376,2003,6,9968,6516
2018-02-16,7,276,108,1634,3,5311,6082
2018-02-15,7,873,483,1392,1,7404,4057
2018-02-14,5,242,79,224,2,9481,2106
2018-02-13,6,505,288,479,3,4316,7066
2018-02-12,10,595,135,1082,4,8205,7857
2018-02-11,14,862,351,618,2,5861,6561
2018-02-10,9,565,227,1197,3,4005,7070
2018-02-09,13,1212,575,231,3,6424,4578
2018-02-08,8,283,66,1116,1,9068,6976
2018-02-07,17,1065,331,1981,1,3480,2936
2018-02-06,20,1251,348,766,7,9332,3174
2018-02-05,15,1140,396,962,5,3211,4916
2018-02-04,16,1130,268,1061,7,6040,3237
2018-02-03,12,587,170,106,4,9492,6333
2018-02-02,12,425,65,682,5,4744,5258
2018-02-01,17,832,157,1123,6,3584,2007
2018-01-31,26,1458,328,1486,8,5480,3107
2018-01-30,14,584,143,1983,2,7675,5118
2018-01-29,22,1626,386,901,2,7606,7630
2018-01-28,15,620,175,533,3,5069,6424
2018-01-27,21,1211,376,199,1,9525,2525
2018-01-26,8,434,50,22,3,9691,5863
2018-01-25,18,988,206,1519,3,6286,7156
2018-01-24,8,717,159,1217,2,5206,4509
2018-01-23,31,2053,412,1697,12,3776,6021
2018-01-22,23,901,125,1917,5,7911,2376
2018-01-21,22,1141,126,862,11,6996,4148
2018-01-20,27,1601,332,1413,7,5204,7072
2018-01-19,29,2256,411,868,13,4643,7132
2018-01-18,30,1885,308,1976,15,6278,5788
2018-01-17,27,1518,372,302,10,8995,2067
2018-01-16,28,1583,271,1619,5,9366,4619
2018-01-15,42,2478,466,326,16,8802,5128
2018-01-14,24,1575,197,1315,10,6661,6699
2018-01-13,33,1954,313,1088,6,9692,3015
2018-01-12,24,1363,175,38,7,9759,6158
2018-01-11,41,2517,276,1933,1,9303,7039
2018-01-10,32,2035,250,1637,9,3228,4375
2018-01-09,44,2824,349,66,17,8129,2047
2018-01-08,22,1385,325,1992,1,8665,2542
2018-01-07,18,1702,353,1927,7,4813,5986
2018-01-06,13,564,57,1560,6,9337,4002
2018-01-05,12,762,30,1255,6,3357,7280
2018-01-04,24,1243,81,560,1,5278,7382
2018-01-03,6,321,56,407,1,5496,4825
2018-01-02,10,435,157,875,5,8426,2991
